Workbook

Sheet RoundRobin
A1: name | B1: latency.mean | C1: latency.percentiles.p50 | D1: latency.percentiles.p95 | E1: latency.percentiles.p99 | F1: totals.throughput_rps | G1: disparity | H1: servers[0].peak_load | I1: servers[1].peak_load | J1: servers[2].peak_load | K1: servers[3].peak_load | L1: servers[4].peak_load | M1: servers[5].peak_load | N1: servers[6].peak_load | O1: servers[7].peak_load
A2: burstNorm_easy | B2: 28.979 | C2: 15 | D2: 75 | E2: 76 | F2: 66.63113 | G2: =_xlfn.STDEV.P(H2:O2)/AVERAGE(H2:O2) -> 0.79580589 | H2: 0.77377063 | I2: 0.562414 | J2: 0.11623804 | K2: 0.058321
A3: burstNorm_medium | B3: 102.35991 | C3: 76 | D3: 212 | E3: 213 | F3: 45.116163 | G3: =_xlfn.STDEV.P(H3:O3)/AVERAGE(H3:O3) -> 1.2585031 | H3: 0.035601375 | I3: 0.00198625 | J3: 0.0078359583 | K3: 0
A4: burstNorm_hard | B4: 808.37402 | C4: 668 | D4: 2012 | E4: 2015 | F4: 8.4635634 | G4: =_xlfn.STDEV.P(H4:O4)/AVERAGE(H4:O4) -> 1.7320508 | H4: 0 | I4: 0 | J4: 0.045072333 | K4: 0
A5: burstNormHMS_easy | B5: 23.389 | C5: 29 | D5: 44 | E5: 45 | F5: 66.657779 | G5: =_xlfn.STDEV.P(H5:O5)/AVERAGE(H5:O5) -> 0.00059172191 | H5: 0.76267925 | I5: 0.76335675 | J5: 0.76232425 | K5: 0.763381
A6: burstNormHMS_medium | B6: 105.526 | C6: 105 | D6: 107 | E6: 108 | F6: 49.962528 | G6: =_xlfn.STDEV.P(H6:O6)/AVERAGE(H6:O6) -> 0.91783269 | H6: 0.03835175 | I6: 0.00147325 | J6: 0.0018075 | K6: 0.0382005
A7: burstNormHMS_hard | B7: 1011.1535 | C7: 1012 | D7: 1015 | E7: 1024 | F7: 6.7317626 | G7: =_xlfn.STDEV.P(H7:O7)/AVERAGE(H7:O7) -> 1.7320508 | H7: 0 | I7: 0.01530675 | J7: 0 | K7: 0
A8: churnHMS | B8: 105.34525 | C8: 105 | D8: 107 | E8: 107 | F8: 29.819418 | G8: =_xlfn.STDEV.P(H8:O8)/AVERAGE(H8:O8) -> 0.32639487 | H8: 0.038357 | I8: 0.0380065 | J8: 0.0390835 | K8: 0.074957 | L8: 0.037241 | M8: 0.043317 | N8: 0.0749695 | O8: 0.03803825
A9: churnGood | B9: 146.87338 | C9: 106 | D9: 213 | E9: 214 | F9: 23.158947 | G9: =_xlfn.STDEV.P(H9:O9)/AVERAGE(H9:O9) -> 0.59623685 | H9: 0.03808925 | I9: 0.074977 | J9: 0.074985 | K9: 0.07317675 | L9: 0.0015375 | M9: 0.0030055 | N9: 0.0716675 | O9: 0.074967
A10: churnBad | B10: 83.073333 | C10: 74 | D10: 209 | E10: 212 | F10: 29.997 | G10: =_xlfn.STDEV.P(H10:O10)/AVERAGE(H10:O10) -> 0.52971797 | H10: 0.0574845 | I10: 0.0574665 | J10: 0.0425935 | K10: 0.063323208 | L10: 0.0749915 | M10: 0.0176135 | N10: 0.03896 | O10: 0
A11: perfect_easy | B11: 14.353 | C11: 14 | D11: 15 | E11: 15 | F11: 66.653336 | G11: =_xlfn.STDEV.P(H11:O11)/AVERAGE(H11:O11) -> 0.20606624 | H11: 0.0276425 | I11: 0.026706 | J11: 0.02687675 | K11: 0.041674
A12: perfect_medium | B12: 105.488 | C12: 105 | D12: 107 | E12: 108 | F12: 66.640011 | G12: =_xlfn.STDEV.P(H12:O12)/AVERAGE(H12:O12) -> 0.63999795 | H12: 0.0686285 | I12: 0.03878375 | J12: 0.038711 | K12: 0.0018485
A13: perfect_hard | B13: 1008.08 | C13: 1010 | D13: 1014 | E13: 1015 | F13: 6.663557 | G13: =_xlfn.STDEV.P(H13:O13)/AVERAGE(H13:O13) -> #DIV/0! | H13: 0 | I13: 0 | J13: 0 | K13: 0
A14: stickyDefault | B14: 112.67448 | C14: 102 | D14: 212 | E14: 213 | F14: 25.58124 | G14: =_xlfn.STDEV.P(H14:O14)/AVERAGE(H14:O14) -> 1.0577361 | H14: 0.09163225 | I14: 0.037787 | J14: 0.0071185833 | K14: 0
A15: stickyChurn | B15: 84.656425 | C15: 104 | D15: 106 | E15: 107 | F15: 23.846 | G15: =_xlfn.STDEV.P(H15:O15)/AVERAGE(H15:O15) -> 2.6299453 | H15: 0.037974 | I15: 0 | J15: 0 | K15: 0.0002 | L15: 0 | M15: 0 | N15: 0 | O15: 0
A16: uniform_easy | B16: 14.402 | C16: 14 | D16: 15 | E16: 15 | F16: 66.608939 | G16: =_xlfn.STDEV.P(H16:O16)/AVERAGE(H16:O16) -> 0.92629243 | H16: 0.048615125 | I16: 0.02647075 | J16: 0.0067317083 | K16: 0
A17: uniform_medium | B17: 100.92809 | C17: 76 | D17: 212 | E17: 214 | F17: 59.301706 | G17: =_xlfn.STDEV.P(H17:O17)/AVERAGE(H17:O17) -> 0.52594858 | H17: 0.07205575 | I17: 0.04169 | J17: 0.0084704583 | K17: 0.0573205
A18: uniform_hard | B18: 920.32955 | C18: 680 | D18: 2007 | E18: 2013 | F18: 5.8658845 | G18: =_xlfn.STDEV.P(H18:O18)/AVERAGE(H18:O18) -> 1.7320508 | H18: 0 | I18: 0 | J18: 0 | K18: 0.061419
A19: uniformD_easy | B19: 14.423 | C19: 14 | D19: 15 | E19: 15 | F19: 66.600067 | G19: =_xlfn.STDEV.P(H19:O19)/AVERAGE(H19:O19) -> 0.92854729 | H19: 0.052435987 | I19: 0.02695709 | J19: 0.0077642043 | K19: 0
A20: uniformD_medium | B20: 99.865471 | C20: 76 | D20: 227 | E20: 273 | F20: 59.454776 | G20: =_xlfn.STDEV.P(H20:O20)/AVERAGE(H20:O20) -> 0.25829012 | H20: 0.11717739 | I20: 0.084783481 | J20: 0.069877937 | K20: 0.060634726
A21: uniformD_hard | B21: 942.82022 | C21: 768 | D21: 2299 | E21: 2808 | F21: 5.9325423 | G21: =_xlfn.STDEV.P(H21:O21)/AVERAGE(H21:O21) -> 1.1032654 | H21: 0.64519796 | I21: 0 | J21: 0.21494665 | K21: 0.056425071
A22: varReqCost_easy | B22: 101.75827 | C22: 77 | D22: 316 | E22: 408 | F22: 58.419931 | G22: =_xlfn.STDEV.P(H22:O22)/AVERAGE(H22:O22) -> 0.28513902 | H22: 0.15119747 | I22: 0.10615918 | J22: 0.083725159 | K22: 0.074540441
A23: varReqCost_medium | B23: 466.2905 | C23: 407 | D23: 1289 | E23: 1994 | F23: 11.921412 | G23: =_xlfn.STDEV.P(H23:O23)/AVERAGE(H23:O23) -> 0.7271794 | H23: 0.6015008 | I23: 0.34879786 | J23: 0.17015628 | K23: 0.039167781
A24: varReqCost_hard | B24: 1101.3498 | C24: 966 | D24: 2492 | E24: 4198 | F24: 6.0585459 | G24: =_xlfn.STDEV.P(H24:O24)/AVERAGE(H24:O24) -> 0.3526018 | H24: 0.44144891 | I24: 0.75372487 | J24: 0.4616499 | K24: 0.28015124
A25: varReqCostHMS_easy | B25: 109.288 | C25: 107 | D25: 197 | E25: 211 | F25: 66.617814 | G25: =_xlfn.STDEV.P(H25:O25)/AVERAGE(H25:O25) -> 0.061202407 | H25: 0.11217971 | I25: 0.095400998 | J25: 0.10578093 | K25: 0.099773825
A26: varReqCostHMS_medium | B26: 515.185 | C26: 529 | D26: 984 | E26: 1273 | F26: 13.322675 | G26: =_xlfn.STDEV.P(H26:O26)/AVERAGE(H26:O26) -> 0.099082618 | H26: 0.26438162 | I26: 0.34732836 | J26: 0.29576439 | K26: 0.31785713
A27: varReqCostHMS_hard | B27: 1346.4912 | C27: 1327 | D27: 2436 | E27: 2496 | F27: 5.6992021 | G27: =_xlfn.STDEV.P(H27:O27)/AVERAGE(H27:O27) -> 0.10819246 | H27: 0.7649019 | I27: 0.60490537 | J27: 0.78825295 | K27: 0.65384648

Sheet WeightRoundRobin
A1: name | B1: latency.mean | C1: latency.percentiles.p50 | D1: latency.percentiles.p95 | E1: latency.percentiles.p99 | F1: totals.throughput_rps | G1: disparity | H1: servers[0].peak_load | I1: servers[1].peak_load | J1: servers[2].peak_load | K1: servers[3].peak_load | L1: servers[4].peak_load | M1: servers[5].peak_load | N1: servers[6].peak_load | O1: servers[7].peak_load
A2: burstNorm_easy | B2: 17.316 | C2: 15 | D2: 30 | E2: 45 | F2: 66.622252 | G2: =_xlfn.STDEV.P(H2:O2)/AVERAGE(H2:O2) -> 0.1983932 | H2: 0.48156313 | I2: 0.54658175 | J2: 0.40892992 | K2: 0.3130685
A3: burstNorm_medium | B3: 88.945 | C3: 75 | D3: 212 | E3: 213 | F3: 49.975012 | G3: =_xlfn.STDEV.P(H3:O3)/AVERAGE(H3:O3) -> 0.63640192 | H3: 0.07332675 | I3: 0.040834 | J3: 0 | K3: 0.057499
A4: burstNorm_hard | B4: 811.00797 | C4: 668 | D4: 2009 | E4: 2014 | F4: 8.3655513 | G4: =_xlfn.STDEV.P(H4:O4)/AVERAGE(H4:O4) -> #DIV/0! | H4: 0 | I4: 0 | J4: 0 | K4: 0
A5: burstNormHMS_easy | B5: 25.644 | C5: 29 | D5: 45 | E5: 45 | F5: 66.644452 | G5: =_xlfn.STDEV.P(H5:O5)/AVERAGE(H5:O5) -> 0.00045662102 | H5: 0.76275025 | I5: 0.76234025 | J5: 0.76211075 | K5: 0.76179525
A6: burstNormHMS_medium | B6: 105.611 | C6: 105 | D6: 107 | E6: 110 | F6: 49.980008 | G6: =_xlfn.STDEV.P(H6:O6)/AVERAGE(H6:O6) -> 0.21232163 | H6: 0.0419135 | I6: 0.07497225 | J6: 0.07498675 | K6: 0.073059
A7: burstNormHMS_hard | B7: 1019.205 | C7: 1011 | D7: 1014 | E7: 1439 | F7: 6.6660001 | G7: =_xlfn.STDEV.P(H7:O7)/AVERAGE(H7:O7) -> #DIV/0! | H7: 0 | I7: 0 | J7: 0 | K7: 0
A8: churnHMS | B8: 105.27079 | C8: 105 | D8: 106 | E8: 116 | F8: 29.661723 | G8: =_xlfn.STDEV.P(H8:O8)/AVERAGE(H8:O8) -> 0.48932224 | H8: 0.0384465 | I8: 0.07498375 | J8: 0.03821075 | K8: 0.07499825 | L8: 0.039085 | M8: 0.0014485 | N8: 0.07496925 | O8: 0.0749165
A9: churnGood | B9: 142.8088 | C9: 106 | D9: 212 | E9: 214 | F9: 24.221223 | G9: =_xlfn.STDEV.P(H9:O9)/AVERAGE(H9:O9) -> 1.0244879 | H9: 0.0364645 | I9: 0.0749815 | J9: 0 | K9: 0.0730455 | L9: 0.004908 | M9: 0 | N9: 0.072951 | O9: 0
A10: churnBad | B10: 79.888407 | C10: 74 | D10: 121 | E10: 213 | F10: 30.759489 | G10: =_xlfn.STDEV.P(H10:O10)/AVERAGE(H10:O10) -> 0.42514176 | H10: 0.057483 | I10: 0.005305 | J10: 0.03869575 | K10: 0.063322083 | L10: 0.0749985 | M10: 0.09111475 | N10: 0.07492425 | O10: 0.0574865
A11: perfect_easy | B11: 14.392 | C11: 14 | D11: 15 | E11: 15 | F11: 66.657779 | G11: =_xlfn.STDEV.P(H11:O11)/AVERAGE(H11:O11) -> 0.080559431 | H11: 0.15040425 | I11: 0.1697885 | J11: 0.16873225 | K11: 0.18900225
A12: perfect_medium | B12: 105.328 | C12: 105 | D12: 107 | E12: 107 | F12: 66.608939 | G12: =_xlfn.STDEV.P(H12:O12)/AVERAGE(H12:O12) -> 0.23686055 | H12: 0.03885975 | I12: 0.07494975 | J12: 0.0748605 | K12: 0.07489925
A13: perfect_hard | B13: 1016.3617 | C13: 1012 | D13: 1015 | E13: 1440 | F13: 6.2654136 | G13: =_xlfn.STDEV.P(H13:O13)/AVERAGE(H13:O13) -> #DIV/0! | H13: 0 | I13: 0 | J13: 0 | K13: 0
A14: stickyDefault | B14: 90.096104 | C14: 75 | D14: 211 | E14: 226 | F14: 25.661534 | G14: =_xlfn.STDEV.P(H14:O14)/AVERAGE(H14:O14) -> 0.18041303 | H14: 0.091381 | I14: 0.07494875 | J14: 0.063315708 | K14: 0.057466
A15: stickyChurn | B15: 78.886427 | C15: 61 | D15: 106 | E15: 107 | F15: 24.053838 | G15: =_xlfn.STDEV.P(H15:O15)/AVERAGE(H15:O15) -> 1.3626167 | H15: 0.0749695 | I15: 0 | J15: 0.0568305 | K15: 0.0379665 | L15: 0 | M15: 0 | N15: 0 | O15: 0
A16: uniform_easy | B16: 14.43 | C16: 14 | D16: 15 | E16: 15 | F16: 66.648894 | G16: =_xlfn.STDEV.P(H16:O16)/AVERAGE(H16:O16) -> 0.3541457 | H16: 0.139027 | I16: 0.183785 | J16: 0.12796533 | K16: 0.058086
A17: uniform_medium | B17: 88.816 | C17: 75 | D17: 211 | E17: 213 | F17: 66.640011 | G17: =_xlfn.STDEV.P(H17:O17)/AVERAGE(H17:O17) -> 0.91318791 | H17: 0.090279 | I17: 0.07499125 | J17: 0.0085139583 | K17: 0
A18: uniform_hard | B18: 799.92857 | C18: 676 | D18: 2012 | E18: 2827 | F18: 6.527676 | G18: =_xlfn.STDEV.P(H18:O18)/AVERAGE(H18:O18) -> #DIV/0! | H18: 0 | I18: 0 | J18: 0 | K18: 0
A19: uniformD_easy | B19: 14.421 | C19: 14 | D19: 15 | E19: 15 | F19: 66.63557 | G19: =_xlfn.STDEV.P(H19:O19)/AVERAGE(H19:O19) -> 0.27940948 | H19: 0.12275254 | I19: 0.1448925 | J19: 0.13241523 | K19: 0.061187735
A20: uniformD_medium | B20: 86.948 | C20: 75 | D20: 211 | E20: 257 | F20: 66.653336 | G20: =_xlfn.STDEV.P(H20:O20)/AVERAGE(H20:O20) -> 0.291235 | H20: 0.12976745 | I20: 0.087166407 | J20: 0.070065062 | K20: 0.064487386
A21: uniformD_hard | B21: 775.21875 | C21: 679 | D21: 1728 | E21: 2969 | F21: 6.3953101 | G21: =_xlfn.STDEV.P(H21:O21)/AVERAGE(H21:O21) -> 0.72044903 | H21: 0.75327462 | I21: 0.12503721 | J21: 0.27990851 | K21: 0.20132469
A22: varReqCost_easy | B22: 89.105 | C22: 75 | D22: 226 | E22: 380 | F22: 66.640011 | G22: =_xlfn.STDEV.P(H22:O22)/AVERAGE(H22:O22) -> 0.4224565 | H22: 0.1999574 | I22: 0.11383419 | J22: 0.084446406 | K22: 0.072826234
A23: varReqCost_medium | B23: 408.34171 | C23: 361 | D23: 1179 | E23: 1968 | F23: 13.255179 | G23: =_xlfn.STDEV.P(H23:O23)/AVERAGE(H23:O23) -> 0.87756461 | H23: 0.71708997 | I23: 0.29002252 | J23: 0.056866675 | K23: 0.11460295
A24: varReqCost_hard | B24: 1073.9053 | C24: 954 | D24: 2396 | E24: 4563 | F24: 6.7595944 | G24: =_xlfn.STDEV.P(H24:O24)/AVERAGE(H24:O24) -> 0.34348517 | H24: 0.737582 | I24: 0.27421386 | J24: 0.44950081 | K24: 0.46772821
A25: varReqCostHMS_easy | B25: 109.389 | C25: 107 | D25: 197 | E25: 212 | F25: 66.653336 | G25: =_xlfn.STDEV.P(H25:O25)/AVERAGE(H25:O25) -> 0.034543256 | H25: 0.11615358 | I25: 0.11489619 | J25: 0.10632801 | K25: 0.11056933
A26: varReqCostHMS_medium | B26: 506.47208 | C26: 515 | D26: 984 | E26: 1078 | F26: 13.122835 | G26: =_xlfn.STDEV.P(H26:O26)/AVERAGE(H26:O26) -> 0.29559997 | H26: 0.15808104 | I26: 0.25180138 | J26: 0.17391227 | K26: 0.32662173
A27: varReqCostHMS_hard | B27: 1328.8063 | C27: 1274 | D27: 2436 | E27: 2497 | F27: 5.6798864 | G27: =_xlfn.STDEV.P(H27:O27)/AVERAGE(H27:O27) -> 0.30695766 | H27: 0.36773973 | I27: 0.59937551 | J27: 0.85801669 | K27: 0.50661623

Sheet LeastConnections
A1: name | B1: latency.mean | C1: latency.percentiles.p50 | D1: latency.percentiles.p95 | E1: latency.percentiles.p99 | F1: totals.throughput_rps | G1: disparity | H1: servers[0].peak_load | I1: servers[1].peak_load | J1: servers[2].peak_load | K1: servers[3].peak_load | L1: servers[4].peak_load | M1: servers[5].peak_load | N1: servers[6].peak_load | O1: servers[7].peak_load
A2: burstNorm_easy | B2: 22.128 | C2: 15 | D2: 60 | E2: 76 | F2: 66.613376 | G2: =_xlfn.STDEV.P(H2:O2)/AVERAGE(H2:O2) -> 0.30122049 | H2: 0.76806075 | I2: 0.7385415 | J2: 0.67335292 | K2: 0.302282
A3: burstNorm_medium | B3: 101.27331 | C3: 76 | D3: 212 | E3: 213 | F3: 46.643004 | G3: =_xlfn.STDEV.P(H3:O3)/AVERAGE(H3:O3) -> 0.60333365 | H3: 0.09097175 | I3: 0.074981 | J3: 0.062731458 | K3: 0
A4: burstNorm_hard | B4: 809.07087 | C4: 669 | D4: 2010 | E4: 2014 | F4: 8.4652558 | G4: =_xlfn.STDEV.P(H4:O4)/AVERAGE(H4:O4) -> #DIV/0! | H4: 0 | I4: 0 | J4: 0 | K4: 0
A5: burstNormHMS_easy | B5: 24.523 | C5: 29 | D5: 45 | E5: 45 | F5: 66.644452 | G5: =_xlfn.STDEV.P(H5:O5)/AVERAGE(H5:O5) -> 0.0011738921 | H5: 0.76206325 | I5: 0.7638965 | J5: 0.76396325 | K5: 0.76439625
A6: burstNormHMS_medium | B6: 105.597 | C6: 106 | D6: 107 | E6: 108 | F6: 49.960032 | G6: =_xlfn.STDEV.P(H6:O6)/AVERAGE(H6:O6) -> 0.65965122 | H6: 0.07489825 | I6: 0.07495925 | J6: 0.03818675 | K6: 0
A7: burstNormHMS_hard | B7: 1011.7178 | C7: 1012 | D7: 1015 | E7: 1016 | F7: 6.7310896 | G7: =_xlfn.STDEV.P(H7:O7)/AVERAGE(H7:O7) -> 1.7320508 | H7: 0 | I7: 0.01401525 | J7: 0 | K7: 0
A8: churnHMS | B8: 105.29736 | C8: 105 | D8: 107 | E8: 107 | F8: 30.257589 | G8: =_xlfn.STDEV.P(H8:O8)/AVERAGE(H8:O8) -> 0.005698479 | H8: 0.03858225 | I8: 0.03837375 | J8: 0.03886025 | K8: 0.03873575 | L8: 0.038287 | M8: 0.0382055 | N8: 0.03828875 | O8: 0.03854325
A9: churnGood | B9: 142.88315 | C9: 106 | D9: 212 | E9: 213 | F9: 24.525976 | G9: =_xlfn.STDEV.P(H9:O9)/AVERAGE(H9:O9) -> 0.81008481 | H9: 0.036187 | I9: 0.0749445 | J9: 0 | K9: 0.0710515 | L9: 0.0011795 | M9: 0.0013965 | N9: 0.07201075 | O9: 0.0749695
A10: churnBad | B10: 80.986052 | C10: 74 | D10: 209 | E10: 212 | F10: 31.065631 | G10: =_xlfn.STDEV.P(H10:O10)/AVERAGE(H10:O10) -> 0.48694903 | H10: 0.0574655 | I10: 0.057465 | J10: 0.03853425 | K10: 0.063318333 | L10: 0.07493025 | M10: 0.0904355 | N10: 0.03871075 | O10: 0
A11: perfect_easy | B11: 14.221 | C11: 14 | D11: 15 | E11: 15 | F11: 66.586763 | G11: =_xlfn.STDEV.P(H11:O11)/AVERAGE(H11:O11) -> 0.40009098 | H11: 0.05814725 | I11: 0.0269295 | J11: 0.02613375 | K11: 0.02618875
A12: perfect_medium | B12: 105.406 | C12: 105 | D12: 107 | E12: 108 | F12: 66.63113 | G12: =_xlfn.STDEV.P(H12:O12)/AVERAGE(H12:O12) -> 0.57772888 | H12: 0.04222775 | I12: 0.04387 | J12: 0.0439145 | K12: 0
A13: perfect_hard | B13: 1009.1 | C13: 1010 | D13: 1014 | E13: 1015 | F13: 6.6617814 | G13: =_xlfn.STDEV.P(H13:O13)/AVERAGE(H13:O13) -> #DIV/0! | H13: 0 | I13: 0 | J13: 0 | K13: 0
A14: stickyDefault | B14: 108.40722 | C14: 76 | D14: 212 | E14: 226 | F14: 25.852878 | G14: =_xlfn.STDEV.P(H14:O14)/AVERAGE(H14:O14) -> 1.1359486 | H14: 0.10997938 | I14: 0.03872475 | J14: 0.0055582083 | K14: 0
A15: stickyChurn | B15: 81.606557 | C15: 61 | D15: 106 | E15: 107 | F15: 24.386994 | G15: =_xlfn.STDEV.P(H15:O15)/AVERAGE(H15:O15) -> 1.361801 | H15: 0.07496375 | I15: 0 | J15: 0.0573295 | K15: 0.03806025 | L15: 0 | M15: 0 | N15: 0 | O15: 0
A16: uniform_easy | B16: 14.47 | C16: 14 | D16: 15 | E16: 15 | F16: 66.626691 | G16: =_xlfn.STDEV.P(H16:O16)/AVERAGE(H16:O16) -> 1.5918205 | H16: 0.39313063 | I16: 0.02604 | J16: 0 | K16: 0
A17: uniform_medium | B17: 93.671 | C17: 75 | D17: 212 | E17: 213 | F17: 66.600067 | G17: =_xlfn.STDEV.P(H17:O17)/AVERAGE(H17:O17) -> 0.54068254 | H17: 0.072672125 | I17: 0.0375555 | J17: 0.0088765833 | K17: 0.057497
A18: uniform_hard | B18: 864.19 | C18: 679 | D18: 2011 | E18: 2013 | F18: 6.6604502 | G18: =_xlfn.STDEV.P(H18:O18)/AVERAGE(H18:O18) -> 1.7320508 | H18: 0 | I18: 0 | J18: 0 | K18: 0.141194
A19: uniformD_easy | B19: 14.683 | C19: 14 | D19: 15 | E19: 30 | F19: 66.653336 | G19: =_xlfn.STDEV.P(H19:O19)/AVERAGE(H19:O19) -> 1.7320508 | H19: 0.25069149 | I19: 0 | J19: 0 | K19: 0
A20: uniformD_medium | B20: 91.152 | C20: 75 | D20: 226 | E20: 271 | F20: 66.653336 | G20: =_xlfn.STDEV.P(H20:O20)/AVERAGE(H20:O20) -> 0.22893752 | H20: 0.11452571 | I20: 0.081766542 | J20: 0.068993702 | K20: 0.067019171
A21: uniformD_hard | B21: 896.62626 | C21: 714 | D21: 2398 | E21: 3140 | F21: 6.5982405 | G21: =_xlfn.STDEV.P(H21:O21)/AVERAGE(H21:O21) -> 0.85010061 | H21: 0.76408287 | I21: 0.081982597 | J21: 0.25576766 | K21: 0.15459933
A22: varReqCost_easy | B22: 94.628 | C22: 76 | D22: 302 | E22: 394 | F22: 66.595631 | G22: =_xlfn.STDEV.P(H22:O22)/AVERAGE(H22:O22) -> 0.27835344 | H22: 0.14703077 | I22: 0.095915484 | J22: 0.084440476 | K22: 0.074374325
A23: varReqCost_medium | B23: 439.48744 | C23: 346 | D23: 1274 | E23: 2325 | F23: 13.256062 | G23: =_xlfn.STDEV.P(H23:O23)/AVERAGE(H23:O23) -> 0.60849792 | H23: 0.65950078 | I23: 0.31741484 | J23: 0.21581275 | K23: 0.12970467
A24: varReqCost_hard | B24: 1065.3216 | C24: 862 | D24: 3202 | E24: 4446 | F24: 6.8380853 | G24: =_xlfn.STDEV.P(H24:O24)/AVERAGE(H24:O24) -> 0.45372168 | H24: 0.886697 | I24: 0.6864323 | J24: 0.26209408 | K24: 0.36491317
A25: varReqCostHMS_easy | B25: 109.573 | C25: 108 | D25: 197 | E25: 213 | F25: 66.63113 | G25: =_xlfn.STDEV.P(H25:O25)/AVERAGE(H25:O25) -> 0.071194343 | H25: 0.12665242 | I25: 0.10702646 | J25: 0.10930404 | K25: 0.10826363
A26: varReqCostHMS_medium | B26: 510.92 | C26: 500 | D26: 995 | E26: 1181 | F26: 13.326226 | G26: =_xlfn.STDEV.P(H26:O26)/AVERAGE(H26:O26) -> 0.19867045 | H26: 0.23058952 | I26: 0.38667221 | J26: 0.32081984 | K26: 0.26196228
A27: varReqCostHMS_hard | B27: 1318.7831 | C27: 1306 | D27: 2442 | E27: 2554 | F27: 5.899646 | G27: =_xlfn.STDEV.P(H27:O27)/AVERAGE(H27:O27) -> 0.20787557 | H27: 0.3831399 | I27: 0.50566092 | J27: 0.6772693 | K27: 0.47776071

Sheet ConsistentHashing
A1: name | B1: latency.mean | C1: latency.percentiles.p50 | D1: latency.percentiles.p95 | E1: latency.percentiles.p99 | F1: totals.throughput_rps | G1: disparity | H1: servers[0].peak_load | I1: servers[1].peak_load | J1: servers[2].peak_load | K1: servers[3].peak_load | L1: servers[4].peak_load | M1: servers[5].peak_load | N1: servers[6].peak_load | O1: servers[7].peak_load
A2: burstNorm_easy | B2: 25.046 | C2: 15 | D2: 75 | E2: 76 | F2: 66.604502 | G2: =_xlfn.STDEV.P(H2:O2)/AVERAGE(H2:O2) -> 0.47382593 | H2: 0.769042 | I2: 0.7637605 | J2: 0.63538571 | K2: 0.111469
A3: burstNorm_medium | B3: 100.24744 | C3: 75 | D3: 212 | E3: 213 | F3: 48.870678 | G3: =_xlfn.STDEV.P(H3:O3)/AVERAGE(H3:O3) -> 0.18394021 | H3: 0.053978375 | I3: 0.05584025 | J3: 0.034524333 | K3: 0.0574785
A4: burstNorm_hard | B4: 803.62055 | C4: 668 | D4: 2010 | E4: 2014 | F4: 8.4327711 | G4: =_xlfn.STDEV.P(H4:O4)/AVERAGE(H4:O4) -> #DIV/0! | H4: 0 | I4: 0 | J4: 0 | K4: 0
A5: burstNormHMS_easy | B5: 22.205 | C5: 15 | D5: 44 | E5: 45 | F5: 66.63557 | G5: =_xlfn.STDEV.P(H5:O5)/AVERAGE(H5:O5) -> 0.46972122 | H5: 0.76397675 | I5: 0.3254935 | J5: 0.761298 | K5: 0.23106725
A6: burstNormHMS_medium | B6: 105.62212 | C6: 105 | D6: 107 | E6: 111 | F6: 43.386984 | G6: =_xlfn.STDEV.P(H6:O6)/AVERAGE(H6:O6) -> 0.97594113 | H6: 0.001837 | I6: 0.07499075 | J6: 0.074933 | K6: 0
A7: burstNormHMS_hard | B7: 1010.3515 | C7: 1012 | D7: 1014 | E7: 1015 | F7: 6.7317626 | G7: =_xlfn.STDEV.P(H7:O7)/AVERAGE(H7:O7) -> #DIV/0! | H7: 0 | I7: 0 | J7: 0 | K7: 0
A8: churnHMS | B8: 105.48551 | C8: 105 | D8: 107 | E8: 108 | F8: 27.59724 | G8: =_xlfn.STDEV.P(H8:O8)/AVERAGE(H8:O8) -> 0.51186457 | H8: 0.0394605 | I8: 0.0383735 | J8: 0.0749765 | K8: 0.07499825 | L8: 0.00123625 | M8: 0.03883 | N8: 0.037921 | O8: 0.038681
A9: churnGood | B9: 126.25451 | C9: 106 | D9: 212 | E9: 214 | F9: 18.456208 | G9: =_xlfn.STDEV.P(H9:O9)/AVERAGE(H9:O9) -> 1.0498264 | H9: 0.0429915 | I9: 0 | J9: 0.002694 | K9: 0 | L9: 0.0424995 | M9: 0.0749735 | N9: 0 | O9: 0.074848
A10: churnBad | B10: 67.758202 | C10: 60 | D10: 104 | E10: 105 | F10: 27.423278 | G10: =_xlfn.STDEV.P(H10:O10)/AVERAGE(H10:O10) -> 1.0303369 | H10: 0.057476 | I10: 0 | J10: 0 | K10: 0.063330333 | L10: 0 | M10: 0 | N10: 0.03818025 | O10: 0.0572675
A11: perfect_easy | B11: 14.21 | C11: 14 | D11: 15 | E11: 15 | F11: 66.586763 | G11: =_xlfn.STDEV.P(H11:O11)/AVERAGE(H11:O11) -> 0.50532618 | H11: 0.19972225 | I11: 0.09421475 | J11: 0.067817 | K11: 0.06819575
A12: perfect_medium | B12: 105.32266 | C12: 105 | D12: 107 | E12: 108 | F12: 56.177529 | G12: =_xlfn.STDEV.P(H12:O12)/AVERAGE(H12:O12) -> 0.3153494 | H12: 0.03951 | I12: 0.03924625 | J12: 0.07260325 | K12: 0.03665275
A13: perfect_hard | B13: 1008.55 | C13: 1010 | D13: 1015 | E13: 1024 | F13: 5.3287151 | G13: =_xlfn.STDEV.P(H13:O13)/AVERAGE(H13:O13) -> 1.7320508 | H13: 0 | I13: 0.01502325 | J13: 0 | K13: 0
A14: stickyDefault | B14: 110.74413 | C14: 76 | D14: 212 | E14: 224 | F14: 25.529929 | G14: =_xlfn.STDEV.P(H14:O14)/AVERAGE(H14:O14) -> 0.94727804 | H14: 0.091848375 | I14: 0.055 | J14: 0.0091630833 | K14: 0
A15: stickyChurn | B15: 82.597015 | C15: 62 | D15: 107 | E15: 107 | F15: 22.312508 | G15: =_xlfn.STDEV.P(H15:O15)/AVERAGE(H15:O15) -> 1.3192964 | H15: 0.03868375 | I15: 0 | J15: 0.057429 | K15: 0 | L15: 0.055449 | M15: 0 | N15: 0 | O15: 0
A16: uniform_easy | B16: 14.374 | C16: 14 | D16: 15 | E16: 15 | F16: 66.600067 | G16: =_xlfn.STDEV.P(H16:O16)/AVERAGE(H16:O16) -> 0.34364078 | H16: 0.10868263 | I16: 0.07752925 | J16: 0.051478958 | K16: 0.0474135
A17: uniform_medium | B17: 98.246888 | C17: 75 | D17: 212 | E17: 213 | F17: 64.198189 | G17: =_xlfn.STDEV.P(H17:O17)/AVERAGE(H17:O17) -> 0.49811322 | H17: 0.05385 | I17: 0.038197 | J17: 0.0078067083 | K17: 0.0574925
A18: uniform_hard | B18: 922.67778 | C18: 680 | D18: 2010 | E18: 2892 | F18: 5.9952038 | G18: =_xlfn.STDEV.P(H18:O18)/AVERAGE(H18:O18) -> 1.7320508 | H18: 0 | I18: 0.052635 | J18: 0 | K18: 0
A19: uniformD_easy | B19: 14.386 | C19: 14 | D19: 15 | E19: 15 | F19: 66.63557 | G19: =_xlfn.STDEV.P(H19:O19)/AVERAGE(H19:O19) -> 0.40353065 | H19: 0.11757118 | I19: 0.11533646 | J19: 0.045260662 | K19: 0.054169125
A20: uniformD_medium | B20: 97.516062 | C20: 76 | D20: 226 | E20: 273 | F20: 64.30761 | G20: =_xlfn.STDEV.P(H20:O20)/AVERAGE(H20:O20) -> 0.25681067 | H20: 0.11813976 | I20: 0.07962835 | J20: 0.072058024 | K20: 0.061838168
A21: uniformD_hard | B21: 885.0119 | C21: 740 | D21: 2299 | E21: 2725 | F21: 5.5992534 | G21: =_xlfn.STDEV.P(H21:O21)/AVERAGE(H21:O21) -> 0.56786623 | H21: 0.59835004 | I21: 0.41369971 | J21: 0.18329154 | K21: 0.12826033
A22: varReqCost_easy | B22: 98.669792 | C22: 76 | D22: 273 | E22: 392 | F22: 63.97441 | G22: =_xlfn.STDEV.P(H22:O22)/AVERAGE(H22:O22) -> 0.36107409 | H22: 0.1781629 | I22: 0.11607393 | J22: 0.084037346 | K22: 0.073521878
A23: varReqCost_medium | B23: 458.14894 | C23: 376 | D23: 1644 | E23: 1994 | F23: 12.524983 | G23: =_xlfn.STDEV.P(H23:O23)/AVERAGE(H23:O23) -> 0.44878282 | H23: 0.48122754 | I23: 0.32014845 | J23: 0.22508199 | K23: 0.12988099
A24: varReqCost_hard | B24: 1070.2779 | C24: 925 | D24: 2652 | E24: 4197 | F24: 6.9790229 | G24: =_xlfn.STDEV.P(H24:O24)/AVERAGE(H24:O24) -> 0.4104142 | H24: 0.50869425 | I24: 0.7597677 | J24: 0.37156505 | K24: 0.23873121
A25: varReqCostHMS_easy | B25: 108.04311 | C25: 106 | D25: 198 | E25: 212 | F25: 55.625874 | G25: =_xlfn.STDEV.P(H25:O25)/AVERAGE(H25:O25) -> 0.12339303 | H25: 0.11038516 | I25: 0.1096216 | J25: 0.10343001 | K25: 0.14025347
A26: varReqCostHMS_medium | B26: 511.4375 | C26: 531 | D26: 953 | E26: 1200 | F26: 10.661691 | G26: =_xlfn.STDEV.P(H26:O26)/AVERAGE(H26:O26) -> 0.1952981 | H26: 0.29248855 | I26: 0.24608141 | J26: 0.18721992 | K26: 0.18585609
A27: varReqCostHMS_hard | B27: 1307.3277 | C27: 1268 | D27: 2434 | E27: 2494 | F27: 4.7591434 | G27: =_xlfn.STDEV.P(H27:O27)/AVERAGE(H27:O27) -> 0.19686421 | H27: 0.6549085 | I27: 0.40853659 | J27: 0.42261101 | K27: 0.53964985

Sheet throughput_comparison
A1: preset | B1: consistent | C1: least | D1: RR | E1: WRR | F1: least | G1: RR | H1: WRR
A2: =ConsistentHashing!A2 -> burstNorm_easy | B2: =ConsistentHashing!F2 -> 66.604502 | C2: =LeastConnections!F2 -> 66.613376 | D2: =RoundRobin!F2 -> 66.63113 | E2: =WeightRoundRobin!F2 -> 66.622252 | F2: =I2/$B2*100 -> -0.013322675 | G2: =J2/$B2*100 -> -0.039978678 | H2: =K2/$B2*100 -> -0.026648901 | I2: =$B2-C2 -> -0.0088735015 | J2: =$B2-D2 -> -0.0266276 | K2: =$B2-E2 -> -0.017749368
A3: =ConsistentHashing!A3 -> burstNorm_medium | B3: =ConsistentHashing!F3 -> 48.870678 | C3: =LeastConnections!F3 -> 46.643004 | D3: =RoundRobin!F3 -> 45.116163 | E3: =WeightRoundRobin!F3 -> 49.975012 | F3: =I3/$B3*100 -> 4.558304 | G3: =J3/$B3*100 -> 7.682551 | H3: =K3/$B3*100 -> -2.2597086 | I3: =$B3-C3 -> 2.227674 | J3: =$B3-D3 -> 3.7545147 | K3: =$B3-E3 -> -1.1043349
A4: =ConsistentHashing!A4 -> burstNorm_hard | B4: =ConsistentHashing!F4 -> 8.4327711 | C4: =LeastConnections!F4 -> 8.4652558 | D4: =RoundRobin!F4 -> 8.4635634 | E4: =WeightRoundRobin!F4 -> 8.3655513 | F4: =I4/$B4*100 -> -0.38521906 | G4: =J4/$B4*100 -> -0.36514938 | H4: =K4/$B4*100 -> 0.79712692 | I4: =$B4-C4 -> -0.032484642 | J4: =$B4-D4 -> -0.030792212 | K4: =$B4-E4 -> 0.067219889
A5: =ConsistentHashing!A5 -> burstNormHMS_easy | B5: =ConsistentHashing!F5 -> 66.63557 | C5: =LeastConnections!F5 -> 66.644452 | D5: =RoundRobin!F5 -> 66.657779 | E5: =WeightRoundRobin!F5 -> 66.644452 | F5: =I5/$B5*100 -> -0.01332889 | G5: =J5/$B5*100 -> -0.033328889 | H5: =K5/$B5*100 -> -0.01332889 | I5: =$B5-C5 -> -0.0088817821 | J5: =$B5-D5 -> -0.022208896 | K5: =$B5-E5 -> -0.0088817821
A6: =ConsistentHashing!A6 -> burstNormHMS_medium | B6: =ConsistentHashing!F6 -> 43.386984 | C6: =LeastConnections!F6 -> 49.960032 | D6: =RoundRobin!F6 -> 49.962528 | E6: =WeightRoundRobin!F6 -> 49.980008 | F6: =I6/$B6*100 -> -15.149816 | G6: =J6/$B6*100 -> -15.155569 | H6: =K6/$B6*100 -> -15.195857 | I6: =$B6-C6 -> -6.5730481 | J6: =$B6-D6 -> -6.5755442 | K6: =$B6-E6 -> -6.5930241
A7: =ConsistentHashing!A7 -> burstNormHMS_hard | B7: =ConsistentHashing!F7 -> 6.7317626 | C7: =LeastConnections!F7 -> 6.7310896 | D7: =RoundRobin!F7 -> 6.7317626 | E7: =WeightRoundRobin!F7 -> 6.6660001 | F7: =I7/$B7*100 -> 0.0099966678 | G7: =J7/$B7*100 -> 0 | H7: =K7/$B7*100 -> 0.97689901 | I7: =$B7-C7 -> 0.00067295194 | J7: =$B7-D7 -> 0 | K7: =$B7-E7 -> 0.065762522
A8: =ConsistentHashing!A8 -> churnHMS | B8: =ConsistentHashing!F8 -> 27.59724 | C8: =LeastConnections!F8 -> 30.257589 | D8: =RoundRobin!F8 -> 29.819418 | E8: =WeightRoundRobin!F8 -> 29.661723 | F8: =I8/$B8*100 -> -9.63991 | G8: =J8/$B8*100 -> -8.0521723 | H8: =K8/$B8*100 -> -7.480758 | I8: =$B8-C8 -> -2.6603491 | J8: =$B8-D8 -> -2.2221773 | K8: =$B8-E8 -> -2.0644828
A9: =ConsistentHashing!A9 -> churnGood | B9: =ConsistentHashing!F9 -> 18.456208 | C9: =LeastConnections!F9 -> 24.525976 | D9: =RoundRobin!F9 -> 23.158947 | E9: =WeightRoundRobin!F9 -> 24.221223 | F9: =I9/$B9*100 -> -32.887402 | G9: =J9/$B9*100 -> -25.480526 | H9: =K9/$B9*100 -> -31.236181 | I9: =$B9-C9 -> -6.0697674 | J9: =$B9-D9 -> -4.7027389 | K9: =$B9-E9 -> -5.7650146
A10: =ConsistentHashing!A10 -> churnBad | B10: =ConsistentHashing!F10 -> 27.423278 | C10: =LeastConnections!F10 -> 31.065631 | D10: =RoundRobin!F10 -> 29.997 | E10: =WeightRoundRobin!F10 -> 30.759489 | F10: =I10/$B10*100 -> -13.281975 | G10: =J10/$B10*100 -> -9.3851733 | H10: =K10/$B10*100 -> -12.165618 | I10: =$B10-C10 -> -3.642353 | J10: =$B10-D10 -> -2.5737222 | K10: =$B10-E10 -> -3.3362113
A11: =ConsistentHashing!A11 -> perfect_easy | B11: =ConsistentHashing!F11 -> 66.586763 | C11: =LeastConnections!F11 -> 66.586763 | D11: =RoundRobin!F11 -> 66.653336 | E11: =WeightRoundRobin!F11 -> 66.657779 | F11: =I11/$B11*100 -> 0 | G11: =J11/$B11*100 -> -0.099980004 | H11: =K11/$B11*100 -> -0.10665245 | I11: =$B11-C11 -> 0 | J11: =$B11-D11 -> -0.066573448 | K11: =$B11-E11 -> -0.071016411
A12: =ConsistentHashing!A12 -> perfect_medium | B12: =ConsistentHashing!F12 -> 56.177529 | C12: =LeastConnections!F12 -> 66.63113 | D12: =RoundRobin!F12 -> 66.640011 | E12: =WeightRoundRobin!F12 -> 66.608939 | F12: =I12/$B12*100 -> -18.608154 | G12: =J12/$B12*100 -> -18.623962 | H12: =K12/$B12*100 -> -18.568652 | I12: =$B12-C12 -> -10.453601 | J12: =$B12-D12 -> -10.462482 | K12: =$B12-E12 -> -10.43141
A13: =ConsistentHashing!A13 -> perfect_hard | B13: =ConsistentHashing!F13 -> 5.3287151 | C13: =LeastConnections!F13 -> 6.6617814 | D13: =RoundRobin!F13 -> 6.663557 | E13: =WeightRoundRobin!F13 -> 6.2654136 | F13: =I13/$B13*100 -> -25.016654 | G13: =J13/$B13*100 -> -25.049977 | H13: =K13/$B13*100 -> -17.578318 | I13: =$B13-C13 -> -1.3330662 | J13: =$B13-D13 -> -1.3348419 | K13: =$B13-E13 -> -0.93669847
... A27: =ConsistentHashing!A27 -> varReqCostHMS_hard | B27: =ConsistentHashing!F27 -> 4.7591434 | C27: =LeastConnections!F27 -> 5.899646 | D27: =RoundRobin!F27 -> 5.6992021 | E27: =WeightRoundRobin!F27 -> 5.6798864 | F27: =I27/$B27*100 -> -23.964453 | G27: =J27/$B27*100 -> -19.752688 | H27: =K27/$B27*100 -> -19.346823 | I27: =$B27-C27 -> -1.1405027 | J27: =$B27-D27 -> -0.94005876 | K27: =$B27-E27 -> -0.92074305
